-- phpMyAdmin SQL Dump
-- version 5.2.1
-- https://www.phpmyadmin.net/
--
-- Host: 127.0.0.1
-- Generation Time: May 13, 2025 at 02:46 PM
-- Server version: 10.4.32-MariaDB
-- PHP Version: 8.2.12

SET SQL_MODE = "NO_AUTO_VALUE_ON_ZERO";
START TRANSACTION;
SET time_zone = "+00:00";


/*!40101 SET @OLD_CHARACTER_SET_CLIENT=@@CHARACTER_SET_CLIENT */;
/*!40101 SET @OLD_CHARACTER_SET_RESULTS=@@CHARACTER_SET_RESULTS */;
/*!40101 SET @OLD_COLLATION_CONNECTION=@@COLLATION_CONNECTION */;
/*!40101 SET NAMES utf8mb4 */;

--
-- Database: `sa-6`
--

-- --------------------------------------------------------

--
-- Table structure for table `account`
--

CREATE TABLE `account` (
  `User_ID` int(20) NOT NULL,
  `Password` varchar(60) NOT NULL,
  `Record` varchar(255) DEFAULT NULL,
  `Photo` varchar(100) NOT NULL,
  `Nickname` varchar(60) NOT NULL,
  `Roles` varchar(15) NOT NULL,
  `E-mail` varchar(50) NOT NULL
) ENGINE=InnoDB DEFAULT CHARSET=utf8mb4 COLLATE=utf8mb4_general_ci;

--
-- Dumping data for table `account`
--

INSERT INTO `account` (`User_ID`, `Password`, `Record`, `Photo`, `Nickname`, `Roles`, `E-mail`) VALUES
(1, 'password123', NULL, '', '小明', '學生', 'xiaoming@gmail.com'),
(2, 'password456', '登入紀錄2', 'photo2.jpg', '小王', '學生', 'xiaowang@gmail.com'),
(3, 'password789', '登入紀錄3', 'photo3.jpg', '小李', '學生', 'xiaoli@gmail.com'),
(4, 'password101', '登入紀錄4', 'photo4.jpg', '小張', '學生', 'xiaozhang@gmail.com'),
(5, 'password112', '登入紀錄5', 'photo5.jpg', '小陳', '學生', 'xiaohen@gmail.com'),
(6, 'password131', '登入紀錄6', 'photo6.jpg', '小李', '學生', 'xiaoli2@gmail.com'),
(7, 'password415', '登入紀錄7', 'photo7.jpg', '小黃', '學生', 'xiaohuang@gmail.com'),
(20, 'aaa', NULL, '', '小瑞', '管理者', 'andryco035@gmail.com'),
(22, '2', NULL, '', '周', '學生', '412401305@m365.edu.tw'),
(23, '1', NULL, '', 'lll', '教師', '910267@yphs.tw'),
(25, '$2y$10$FqZSsT7scyJDDp.yvxcl/OAuMrwn9tpP5aw2G63zb8HHy5HOJpR4q', NULL, '', '1', '學生', '412401408@m365.fju.edu.tw'),
(27, '1', NULL, 'assets/img/personal_photo/681032a711da0.jpg', 'NICO', '學生', 'nicosun0515@gmail.com'),
(28, '$2y$10$h7Ix2Y/2pdzVFWlkoVLGwOsL7kw56fBT9Fn3qpmgtyEFAKnTaH.NC', NULL, '', '1', '學生', '1@1'),
(29, '3', NULL, '', '1', '學長姐', 'gpt3@coptear.com'),
(30, '1', NULL, 'assets/img/personal_photo/68137879da14b.jpeg', '測試', '教師', 'test@gmail.com'),
(31, '1', NULL, '', '周', '學生', 'julie70212@gmail.com'),
(32, '2', NULL, '', '2', '學生', '2@2'),
(34, '6', NULL, 'assets/img/personal_photo/6815a67f5e05e.jpeg', 'Nico學生變老師測試', '管理者', '5@5'),
(101, 'admin123', NULL, '', '管理者', '管理者', 'admin01@gmail.com'),
(102, 'admin456', NULL, '', '管理者', '管理者', 'admin02@gmail.com'),
(103, 'admin789', NULL, '', '管理者', '管理者', 'admin03@gmail.com');

-- --------------------------------------------------------

--
-- Table structure for table `admi_thro_years`
--

CREATE TABLE `admi_thro_years` (
  `sch_num` varchar(20) NOT NULL,
  `School_Name` varchar(20) NOT NULL,
  `dep` varchar(20) NOT NULL,
  `110` int(80) NOT NULL,
  `111` int(80) NOT NULL,
  `112` int(80) NOT NULL,
  `113` int(80) NOT NULL,
  `114` int(80) NOT NULL
) ENGINE=InnoDB DEFAULT CHARSET=utf8mb4 COLLATE=utf8mb4_general_ci;

--
-- Dumping data for table `admi_thro_years`
--

INSERT INTO `admi_thro_years` (`sch_num`, `School_Name`, `dep`, `110`, `111`, `112`, `113`, `114`) VALUES
('', 'z;\'mbl;sd', '', 0, 0, 0, 0, 0),
('00001', '測試', '測試', 1, 1, 1, 1, 1),
('001152', '台灣大學', '大氣科系學系', 2, 2, 3, 3, 4),
('001192A', '台灣大學', '經濟學系', 1, 2, 2, 3, 4),
('SCH20250507135518308', '測試', '測試', 1, 1, 1, 1, 1);

-- --------------------------------------------------------

--
-- Table structure for table `comments`
--

CREATE TABLE `comments` (
  `Comment_ID` int(11) NOT NULL,
  `Post_ID` int(11) NOT NULL,
  `User_ID` int(11) NOT NULL,
  `Content` text NOT NULL,
  `Comment_Time` datetime NOT NULL DEFAULT current_timestamp(),
  `Likes` int(11) DEFAULT 0,
  `is_deleted` tinyint(1) NOT NULL DEFAULT 0
) ENGINE=InnoDB DEFAULT CHARSET=utf8mb4 COLLATE=utf8mb4_general_ci;

--
-- Dumping data for table `comments`
--

INSERT INTO `comments` (`Comment_ID`, `Post_ID`, `User_ID`, `Content`, `Comment_Time`, `Likes`, `is_deleted`) VALUES
(9, 8, 7, '老實說，你很多獎沒錯，絕對可以過書審取得報明資格，但再能不能進入面試階段很難說，因為我看不出這些獎項證明了你是哪方面的特殊人才，簡單的說你有廣度但沒有深度，這樣很難勝出', '2025-04-18 18:04:31', 1, 0),
(12, 10, 7, '恭喜你！也辛苦了！特選這條路真的蠻累但是很值得！', '2025-04-18 18:08:29', 1, 0),
(13, 12, 7, '雖然不是廣電ㄉ但還是跟你們說聲加油！', '2025-04-18 18:08:45', 1, 0),
(14, 9, 7, '特殊選才有面試的話就把面試準備好，如果教授們喜歡你，你就一定上了！如果只要書面成績的話，就把對自己有利的東西都放上去，然後自傳也打好看一點，如果沒上就當只是替自己個申準備就好', '2025-04-18 18:09:22', 1, 0),
(20, 12, 5, '哈嘍哈嘍，我也是這屆有報特殊選才的普高三牲！我是報公廣系的，我也是沒有特殊身分的，但有舉辦大型活動的經驗醬，所以剛剛好符合資格，我也好緊張啊啊～希望我們可以一起成為那個被選中的幸運鵝～', '2025-04-18 18:26:15', 0, 0),
(21, 11, 5, '同樣是特選生！我是上頭上這間的不分系>< 必須感嘆你分享得好詳盡，很認同特選的甘苦談！謝謝你的用心分享，最後想特別跟你說辛苦了，特選的準備真的很不容易～🥹', '2025-04-18 18:26:30', 0, 0),
(22, 10, 5, '哈囉我也是劇場設計的，要認識一下嗎', '2025-04-18 18:27:11', 0, 0),
(23, 8, 5, '證照、幹部稍微不會加分', '2025-04-18 18:27:56', 0, 0),
(24, 8, 5, '不是 你也做太多事了吧 我都分不出來哪一個有用哪一個沒用', '2025-04-18 18:29:04', 0, 0),
(25, 9, 5, '我自己有看過動機的特殊選才跟電資學院的特殊選才大佬 那些人無一不是參加過很多國內外的比賽的選手 所以如果要上一些財金 假定是計財的話 應該也是需要很多對金融的興趣 抑或是對跨領域有熱忱 如果他的備審沒看出以上兩者的任何關聯 應該就沒機會了吧', '2025-04-18 18:29:24', 0, 0),
(26, 12, 4, '別緊張 好好讀學測統測比較實在', '2025-04-18 18:30:23', 0, 0),
(39, 8, 25, '謝謝!', '2025-04-28 21:50:04', 0, 0),
(40, 23, 27, 'BHBJKHL', '2025-04-29 09:53:01', 0, 1),
(41, 24, 30, '快點稱讚我0_0', '2025-05-01 13:04:04', 1, 0),
(42, 24, 27, '我好棒!', '2025-05-01 13:07:04', 0, 0),
(43, 24, 31, '幹好扯', '2025-05-01 13:14:39', 0, 1),
(48, 35, 102, 'dsa', '2025-05-13 16:16:45', 0, 1),
(49, 35, 102, 'dsa', '2025-05-13 16:16:56', 0, 1),
(50, 35, 102, 'asd', '2025-05-13 16:17:00', 0, 1),
(51, 35, 102, 'asdasd', '2025-05-13 16:17:14', 0, 1),
(52, 35, 102, 'asd', '2025-05-13 16:17:58', 0, 1);

-- --------------------------------------------------------

--
-- Table structure for table `department_talents`
--

CREATE TABLE `department_talents` (
  `Sch_num` varchar(20) NOT NULL,
  `talent_id` int(11) NOT NULL
) ENGINE=InnoDB DEFAULT CHARSET=utf8mb4 COLLATE=utf8mb4_general_ci;

--
-- Dumping data for table `department_talents`
--

INSERT INTO `department_talents` (`Sch_num`, `talent_id`) VALUES
('3082乙', 1),
('3082乙', 2),
('3082乙', 3),
('3082乙', 4);

-- --------------------------------------------------------

--
-- Table structure for table `latest_news`
--

CREATE TABLE `latest_news` (
  `title` varchar(35) NOT NULL,
  `content` varchar(255) NOT NULL,
  `link` varchar(255) DEFAULT NULL
) ENGINE=InnoDB DEFAULT CHARSET=utf8mb4 COLLATE=utf8mb4_general_ci;

--
-- Dumping data for table `latest_news`
--

INSERT INTO `latest_news` (`title`, `content`, `link`) VALUES
('114特殊選才簡章更新完畢！', '今年特殊選才簡章已經公告完畢，114特殊選才共59所大學參與，核定名額達到2,156名！114特殊選才共計有29個校系資安外加名額，對資安有興趣的同學別錯過利用特殊選才免試入學的機會！ ', 'https://www.reallygood.com.tw/newExam/inside?str=932DEFBF9A06471E3A1436C3808D1BB7'),
('特殊選才書審面試、考古題整理~', '2024 年特殊選才即將開始，各個學校也陸陸續續公布特殊選才簡章。這篇文章幫大家蒐集114 年特殊選才簡章，分享學長姐們的準備方式，另外也幫大家整理出幾個特殊選才社群資源及網路上實用的資源、特殊選才考古題等，以幫助你在書審及面試中取得最佳成績。', 'https://blog.luckertw.com/114-special-recruit/'),
('綠洲計畫官網 ! 特選路上，有你有我', '特殊選才在 107 學年度成為正式的升學管道，對老師、學生而言，能夠取得的資訊非常有限，甚至沒有任何可以參考及準備的依據。相較其他熟悉的升學管道，特殊選才在資源不平等及資源落差較大的困境裡，引發我們對教育資源改善的思考－－「如何提出有效改善特殊選才升學管道中資訊落差的幫助？」。\r\n\r\n綠洲計畫是由 112 學年度的學生們所建立，以此新興管道升學的我們，曾歷經資訊不對等及無人可求問的情況。因此我們認為透過建立社群平臺的交流分享及實體活動舉辦，可以直接幫助尋求特殊選才管道入學的學生，或是擁有部分專業學習能力，', 'https://lzgh.org/universities');

-- --------------------------------------------------------

--
-- Table structure for table `likes`
--

CREATE TABLE `likes` (
  `Like_ID` int(11) NOT NULL,
  `User_ID` int(11) NOT NULL,
  `Post_ID` int(11) DEFAULT NULL,
  `Comment_ID` int(11) DEFAULT NULL,
  `Like_Time` datetime NOT NULL
) ENGINE=InnoDB DEFAULT CHARSET=utf8mb4 COLLATE=utf8mb4_general_ci;

--
-- Dumping data for table `likes`
--

INSERT INTO `likes` (`Like_ID`, `User_ID`, `Post_ID`, `Comment_ID`, `Like_Time`) VALUES
(10, 25, 12, NULL, '2025-04-28 21:36:00'),
(11, 25, NULL, 13, '2025-04-28 21:36:09'),
(12, 25, NULL, 17, '2025-04-28 21:36:10'),
(13, 25, 11, NULL, '2025-04-28 21:36:12'),
(14, 25, 10, NULL, '2025-04-28 21:36:14'),
(15, 25, NULL, 12, '2025-04-28 21:36:14'),
(16, 25, NULL, 14, '2025-04-28 21:36:17'),
(17, 25, NULL, 9, '2025-04-28 21:36:21'),
(20, 30, 24, NULL, '2025-05-01 13:03:27'),
(21, 27, 24, NULL, '2025-05-01 13:06:41'),
(22, 31, NULL, 41, '2025-05-01 13:14:28'),
(23, 31, 24, NULL, '2025-05-01 13:14:30'),
(25, 22, 9, NULL, '2025-05-09 01:44:03'),
(26, 31, 9, NULL, '2025-05-09 01:44:23'),
(27, 31, 12, NULL, '2025-05-09 01:45:20');

-- --------------------------------------------------------

--
-- Table structure for table `my_favorites`
--

CREATE TABLE `my_favorites` (
  `User_ID` int(20) NOT NULL,
  `Sch_num` varchar(20) NOT NULL
) ENGINE=InnoDB DEFAULT CHARSET=utf8mb4 COLLATE=utf8mb4_general_ci;

--
-- Dumping data for table `my_favorites`
--

INSERT INTO `my_favorites` (`User_ID`, `Sch_num`) VALUES
(1, 'S001'),
(1, 'S002'),
(2, 'S003'),
(2, 'S004'),
(3, 'S005'),
(3, 'S006'),
(4, 'S007'),
(21, '3082'),
(21, '3082乙'),
(21, '3092'),
(21, 'S001'),
(21, 'S003'),
(22, '001152'),
(22, '001192A'),
(22, '3082乙'),
(24, '001152'),
(24, '001192A'),
(24, '003252'),
(24, '004022'),
(24, '004072'),
(24, '016012'),
(24, '016092'),
(24, '3012乙'),
(24, '3082乙'),
(25, '001152'),
(25, '001192A'),
(25, '003012乙'),
(25, '003012甲'),
(25, '003022乙'),
(25, '003022甲'),
(25, '003092乙'),
(25, '003092甲'),
(25, '003252'),
(25, '004022'),
(25, '004072'),
(25, '011312'),
(25, '016012'),
(25, '016092'),
(25, '3082乙'),
(27, '001152'),
(27, '001192A'),
(29, '001152'),
(29, '001192A'),
(29, '003012乙'),
(29, '003012甲'),
(29, '003022乙'),
(29, '003022甲'),
(30, '001152'),
(30, '004022'),
(30, '004072'),
(31, '001152'),
(31, '001192A'),
(31, '011312');

-- --------------------------------------------------------

--
-- Table structure for table `posts`
--

CREATE TABLE `posts` (
  `Post_ID` int(11) NOT NULL,
  `Title` varchar(255) NOT NULL,
  `Content` text NOT NULL,
  `User_ID` int(11) NOT NULL,
  `Post_Time` datetime NOT NULL DEFAULT current_timestamp(),
  `Likes` int(11) DEFAULT 0,
  `is_deleted` tinyint(1) NOT NULL DEFAULT 0
) ENGINE=InnoDB DEFAULT CHARSET=utf8mb4 COLLATE=utf8mb4_general_ci;

--
-- Dumping data for table `posts`
--

INSERT INTO `posts` (`Post_ID`, `Title`, `Content`, `User_ID`, `Post_Time`, `Likes`, `is_deleted`) VALUES
(8, '#升學 特殊選才', '想請問各位學長姐，不分系的特殊選才經歷，以我這樣的資料有機會通過第一階段嗎？ 想挑戰清大不分系/交大不分系/成大不分系 高中三年多元成果 👉2024韓國世界發明創新競賽(WICO) 1.發明金牌獎 2.大會特別獎 3.青少年優等獎的創下賽事三冠王 👉TEDxYouth@MingdaoHS第九屆講者 •校排前1%（高職） •全國CTDSF國標舞國手選拔賽冠軍 •寰宇走讀 閱讀台灣計畫 • 111學年度台中市模範生 • 金馬獎60-61屆聯名商品文案設計 • 金馬60-61屆聯名商品商品設計 • 2023明道文學獎佳作 • 2024新加坡萊佛士學術深度交流 • 班級幹部：班長/副班長/風紀 股長 •學生會公關行銷組 • 新竹玻璃工藝博物館藝術展國際志工 • 228國際標準舞世界亞洲巡迴賽 志工 • 2023全國林燈盃英文簡報大賽 優等 • 校內英文演講比賽 冠軍 • 吉他社聯展 • 2023明道之星 季軍 • 2023全國新農業行銷競賽 佳作 • 班聯會組員 • 校內作文競賽 佳作 • 商管群學生會 • 明道招生廣告 • 霧峰區農會100周年慶開幕表演 • 112學年度商管群聖誕企劃提案競賽 亞軍 • 112學年度商業資料蒐集比賽 冠軍 • 112學年度嶺東科技大學 會計專業能力競賽 優勝 • 2024成年禮禮生 • 企業實習 • 2024年第七屆臺中市英文菁英盃 專業英文聽力與詞彙能力大賽 資訊類-金手獎 檢定證照： • 會計資訊 • 會計人工 • 會計三級 • 丙級軟體 • Excel證照 • PPT證照 • Word證照 • TQC數字輸入實用級 • TQC 中文輸入實用級 • PVQC 資訊-專業級 • 全民英檢中級初試 • TOEIC 775分', 5, '2025-04-18 17:45:11', 4, 0),
(9, '關於特殊選才...', '差我10歲的弟弟目前是高三生(學測生)，他正在煩惱他目前該做些什麼，他也跟我討論過他決定用用看特殊選才 想問大家關於特選有什麼建議，我當初是考指考上去的，關於現在的招生狀況也不太了解，不太敢給老弟一些可能是錯的建議 但我還是覺得我弟對特殊選才的定義是不是有點會錯意，畢竟是“特殊才能”，我也有跟他說過你還是乖乖用個申好了，他卻說試試看就知道了， 反正用過就有機會 我弟弟是低收、單親又新住民子女(直接講不知道適不適當，他居然覺得他有這三個條件又加上他那幾張感覺不起眼的獎狀(一兩張管樂比賽和幾張營隊活動)，可以上得了他想要的好學校==他想要讀財金系特別是中山其次就是私立的淡江逢甲BTW.不是伸手族，沒有要你打範例給我看，只是想知道特殊選才的備審內容大概的方向，謝謝各位大大🙏🏻🙏🏻', 1, '2025-04-18 17:50:20', 5, 0),
(10, '113北藝大劇場設計特殊選才分享', '有鑑於網路上劇設特殊選才的相關資訊不多，因此來分享自己的經驗供想報考的學弟妹參考 特選其實一開始沒有在我的計畫內（原本是打算報獨招&個申），是簡章出來的時候看到自己剛好符合資格才想說試看看的，也很幸運的考上了～ 特選的時間其實比較早，而且時間上也會跟學測衝刺期撞到，建議有想走特選的大家可以儘早準備，才不會跟我一樣累個半死🌟申請資格 比賽的話我是用「全國學生戲劇比賽 全國賽優等」的資格去報的，我們學校組隊算是半地社的形式 另外我還有參加過「青少年花樣戲劇節」，這個比賽是可以單人報名然後跨校組隊的～如果學校本身資源相對不夠的話還蠻推薦參加花樣的，可以累積比賽經驗也有免費的課程可以上 🌟作品集 作品集因為是臨時決定要報特選所以做得滿趕的，老實説我自己沒有很滿意🤒 我自己是把作品集切成 個人經歷/立體作品/平面作品/活動經驗 這幾部分 ➡️個人經歷： 就是寫自我介紹、經歷、就讀動機等等簡章上面要求的內容 ➡️立體作品： 我放了三個作品，分別是紙窗花+燈光、類似立體繪本的手提箱、紙雕，而手提箱是我帶去面試的作品 ➡️平面作品： 一些平常累積的作品跟社團美宣的東西 ➡️活動經驗： 我自己是放夏日戲劇學校的活動經驗跟舞台劇欣賞心得，心得的部分我有特地挑比較不同類型的劇來寫 教授有說我沒寫學生戲劇比賽的部分蠻可惜的，所以如果考特選應該儘量要把自己報考時符合資格的比賽經驗拿來寫！ 🌟面試 ➡️服裝： 我是穿我自己習慣的衣服（襯衫洋裝+長褲），原本有想要去買正式一點的衣服但被畫室老師駁回ㄌ，事實上面試當天大家也都是穿習慣的衣服居多，不要太邋遢就好～～ ➡️面試內容： 特選面試順序是直接照著准考證號排的（然後准考證號應該是按報名順序排） 考生會在同一個教室等叫號 ⭢叫到後帶著東西在走廊等 ⭢進去面試間 ⭢結束後拿東西直接離開 Q：你應該很緊張吧？不要緊張我們深呼吸喔～準備好就可以開始自我介紹 A：自我介紹 Q：看你是台中女中的，我們之前也有面試過你的學姐，他們都表現得還不錯（謝謝校名加持？！） 然後印象中教授有問說我們學校是不是對課外活動或藝文相關沒這麼重視 A：對，我們學校比較不會主動放資源在這塊上面，但是因為校風相對自由所以大家其實多少都會玩社團或是參與一些活動，如果學生主動申請學校還是多少會給一些幫助 Q：戲劇比賽相關的細節、資金籌措、學校有沒有給資源 A：比賽主要是我們學生自己在處理的，雖然是地下社團但社團組長會幫我們一些忙，資金部分我們一開始以為要自己出錢但後來發現可以請家長會贊助 Q：因為特選不看學測成績所以我們會比較注重你的在校成績，看你附上的成績單，你的國英數成績怎麼只有六十幾分 A：（被問到成績有點意外所以有稍微猶豫一下要怎麼回答，最後選擇誠實講）因為我花蠻多時間在玩課外活動的，加上因為我們學校排名比較前面所以考題通常會出的比較難一點，因此成績沒這麼好看 Q：喔但我們有看到你後來高二成績有比較上來（謝謝教授給我台階下XD） 之後會請你介紹你帶來的作品，我在介紹的時候有說這個作品靈感取材自生活中的哪些經驗（立體繪本、TRPG相關） Q：你的理念跟想法很好，作品看起來怎樣其實相對其次（因為當時為了趕特選其實作品完成度不算很高） Q：（這部分我不太記得確切的內容了）你作品集的作品其實都是比較近期的，你是有去畫室畫圖嗎、你平時會畫圖嗎/畫什麼樣的圖 A：對我有為了準備作品去畫室、平常畫的東西比較偏人物類 Q：看你也有報名獨招，如果特選沒上獨招會來嗎 A：（很斬釘截鐵的說）會！ 可能還有一些細節記的比較不清楚了QQ，但面試大致上是這樣 ➡️個人心得： 在準備面試時我有把基本題（會想選哪一組、最近有沒有看什麼舞台劇）的答案都想好也有演練過，但就事後來看幾乎沒被問到🤣不過我自認臨場應變還算可以，所以蠻多問題也是想到什麼講什麼 教授人很好不會很嚴肅！其實比較算是在聊天的感覺，問題的話我覺得就儘量誠實回答就好 以及原本事後想說毫不猶豫的回答獨招會一定再來，會不會讓教授想說反正這個人還會再出現就先把我刷掉，但就結果看來應該是沒什麼影響（？） - 我自己最後的成績是 書審資料：94.13 ➡️百分比實得 37.65 面試：94.75➡️百分比實得 56.85 總成績：94.5➡️正取2 （最低錄取標準是92.85） 大概是這樣子！如果有想問的問題都可以問我，我會盡可能回答，希望能幫到大家的忙～祝大家考試順利！', 6, '2025-04-18 17:51:09', 1, 0),
(11, '｜114特殊選才｜經驗分享｜', '目前（2025）我是一位高三學生，現在也臨近學測。過去我在參加了許多的競賽跟活動之後，得到了些許的成就跟結果，也因此我決定要走上「特選」這條路。 因為這陣子在學校時許多朋友都會用調侃的語氣稱我大學生，一開始可能會有些不太舒服，但久了其實也就沒什麼差了😌畢竟這也是我付出了百節公假、假日還有睡眠時間等等換來的成果。 特選這條路真的就比較輕鬆嗎？ 其實完全不是大眾所想的那樣 生活中和我比較要好的朋友和師長能大概了解我在過去的生活是如何 這邊可能我先介紹一下自己！ 我整理了一些我的經歷 1.特殊選才報名的校系及放榜結果 2.我的個人經歷簡介 先大概介紹一下特選的制度 書審（一階） -> 面試(二階）這裡部分校系另有筆試 -> 放榜 1.特殊選才報名的校系及放榜結果（北～南排序） * 國立臺灣海洋大學-機械與機電工程學系 ->進入面試，但放棄 * 國立中央大學-土木工程學系 -> 正取 * 國立清華大學-動力機械工程學系 -> 正取 * 國立清華大學-清華學院學士班甲組 -> 未進入面試 * 國立中興大學-土木工程學系 -> 備取1 * 國立中山大學-機械與機電工程學系 -> 未進入面試 2.我的個人經歷簡介 科學研究： 國際： * 2024年 臺灣國際科學展覽會 工程學科-三等獎（未選上出國代表） 全國： * 2021年 START! 智慧小車競賽 參賽 * 2021年 全國海洋能源創意實作競賽 亞軍 * 2022年 全國海洋能源創意實作競賽 亞軍 * 2022年 START! 智慧小車競賽 特優 * 2023年 全國海洋大數據競賽 佳作 * 2023年 永續能源創意實作競賽 入選參賽 * 2024年 全國高中職創意發明競賽 優等獎 * 2024年 全國海洋能源創意實作競賽 亞軍 * 2024年 永續能源創意實作競賽 銀牌獎 * 2024年 全國海洋大數據競賽 佳作 校內： * 111學年 校內數理實驗班成果發表 第二名 * 112學年 校內數理實驗班成果發表 簡報組 第二名 * 112學年 校內數理實驗班成果發表 海報組 第一名 特殊經歷： * 112年 青少年科學人才培育計畫 (2023/5~10) * 112年度 基隆市氣候行動青年公民營 (2023/7) * 112學年 總成績全校前20% * 2024年 日本廣島吳市訪問團(2024/9) 語文素養： * 112學年 校內國語文競賽 朗讀組 第二名 * 基隆市國語文競賽 朗讀組 參賽 * 111學年 校內國語文競賽 朗讀組 第六名 幹部經歷： * 班長 (111學年上學期) * 漫研社公關 (112學年) * 歷史小老師 (111學年) 總結上述，大概可以看出我的經歷是比較側重在科學研究方面，其他領域就比較沒有那麼深入了解（這也大概率是不分系沒進面試的原因XD) 好回歸主題！ 其實準備這些競賽跟活動，也花費了我很多上課跟休息的時間。我在高二上學期時因為要準備科展，請了約300節的公假，也是那陣子跟班上同學變得比較疏遠…但這也因此更加凸顯出了我的不同。課餘的時間我進入大學實驗室學習建模軟體和模擬分析的軟體、學習如何撰寫計劃書、學習運用工具製作出機構等等，這些都是在高中課堂中不太會學習到的，更甚是我就讀的社區高中。 可能沒有親自體驗過，也沒辦法真的了解到其中的難處（這裡沒有否定其他人的努力！只是一般走特選這條路，普遍會收到一些不好的評論…），但各行各業都有自己辛苦的地方，想必認真讀書的各位一定也有遇到難題解不開或是成績提不上的困擾啦🥲每個人其實都是差不多的，在經歷了許多不同的困難，最終也會得到不同的結果！ 你還在猶豫要不要走特選這條路嗎？ 猶豫了代表就是想要！況且你已經付出了這麼多經歷才加競賽和活動，給自己一個機會去讓其他人看看自己的成果。 當然該讀的書還是要讀啦，我自己最初也是一邊準備學測，一邊準備備審資料的。特選就是，你比別人多了一個機會，所以別輕易的就放棄，但也別輕易的把其他機會給放掉！ 這邊也另外小小分享一下，我在準備特選時遇到的困難。 因為我就讀的是社區高中，學校沒有特別推特殊選才，也沒有太多的相關資源讓學生去了解這個管道。也因此在準備特選時，我甚至只和老師模擬面試過一次！ 但只能說我也挺幸運，在過去的競賽活動中認識了許多學長姐，他們幾乎都有經歷過特選這道關卡，也因此我去向他們尋求很多備審跟面試上的協助（這邊真的很感謝學長姐們的無私分享😭）；以及我認識到的許多同屆朋友們！在報名、準備備審時遇到什麼困難，還有面試時互相幫忙、加油。 真的要先感謝特選大家庭的溫暖，而這也促使我想讓更多人知道、發現特殊選才，也想幫助更多和我一樣身處在資源不足的環境下的學生們。 這部分其實是我在之前參加綠洲計畫活動的有感而發！學長姐們的一連串分享，還有其他的活動，真的讓我深深佩服他們。 這邊也可以給個小建議，如果你在猶豫要不要踏上特選這條路，不妨去找學長姐們聊聊，或者是多參加一些活動。很多時候，只要你靜下來好好思考，就會有答案！雖然如果是我的話，先去試就對了，不要等錯過了才來後悔。 - 其實這邊打到最後可能連我自己也不知道想表達什麼…但還是想讓其他人知道特殊選才的不易跟其他資訊！ 現在的我可能也不是特別的專業，但還是想盡一點我的微薄之力去幫助到一些人～ 有覺得哪裡不妥或是需要修改，還是有其他想詢問的都可以底下留言！ （第一次發文還是有點忐忑的，虛心接受任何的指教🙇） - 若有其他特選相關問題，歡迎來詢問！我會盡力回答的', 2, '2025-04-18 17:59:31', 1, 0),
(12, '世新廣電特殊選才', '我是今年有報名世新廣電特選的高職生， 本身是媒體傳播班的，學習期間也有許多作品， 想問這邊有沒有學長姐是廣電特選成功上岸ㄉ⋯， 雖然距離寄出資料已經有一段時間了， 但還是想跟相關經驗的學長姐聊聊看 或是也有寄出資料的同屆也可以～ （真的好緊張\\r\\n', 7, '2025-04-18 18:00:20', 7, 0),
(21, '特殊選才', '我想請問有沒有輔大資管特殊選才的學長姊可以分享經驗?', 25, '2025-04-28 21:39:55', 0, 0),
(22, '輔仁大學風評', '網路上聽說輔仁大學是業界私校第一名，想請問是真的嗎?', 25, '2025-04-28 21:45:06', 0, 0),
(23, 'GHJLG', 'FJKFU', 27, '2025-04-29 09:52:16', 0, 1),
(24, '現在就是測試發的貼文', '如果你們看得到代表成功了', 30, '2025-05-01 13:03:24', 3, 0),
(25, '嗨', '我是老師', 32, '2025-05-03 12:02:53', 0, 0),
(26, '我是台大資管系教授👩‍🏫', '希望這個網站可以讓貼文也能夠上傳圖片', 34, '2025-05-03 13:18:28', 0, 0),
(34, 'm', 'dvsfgeh', 31, '2025-05-09 01:46:44', 0, 1),
(35, 'asd', '123', 102, '2025-05-13 16:16:40', 0, 1);

-- --------------------------------------------------------

--
-- Table structure for table `school_introduction`
--

CREATE TABLE `school_introduction` (
  `School_Name` varchar(20) NOT NULL,
  `Sch_Intro` varchar(255) DEFAULT NULL,
  `Dep_num` int(11) DEFAULT NULL,
  `image_url` varchar(255) DEFAULT NULL,
  `website` varchar(255) DEFAULT NULL,
  `school_type` varchar(10) DEFAULT NULL
) ENGINE=InnoDB DEFAULT CHARSET=utf8mb4 COLLATE=utf8mb4_general_ci;

--
-- Dumping data for table `school_introduction`
--

INSERT INTO `school_introduction` (`School_Name`, `Sch_Intro`, `Dep_num`, `image_url`, `website`, `school_type`) VALUES
('中央大學', '1915年創立至今，歷經100多年的耕耘，中央大學已成為國內少數歷史悠久、校景優美且校譽優良之頂尖大學。目前學生人數約1萬2000人，培育出許多優秀校友，為國家貢獻良多。「永續社會發展，增進人類福祉」為中大重要辦學目標，「誠於學問，樸於人生」，為學校校訓。', 32, 'assets/img/school_image/中央大學.jpg', 'https://admission.ncu.edu.tw/zh-TW/content/37/12', '國立'),
('中山大學', '中山大學在國際學術界有良好的口碑，尤其在國際關係方面。', 8, 'assets/img/school_image/中山大學.jpeg', 'https://www.nsysu.edu.tw', '國立'),
('中興大學', '中興大學', NULL, 'assets/img/school_image/中興大學.jpg', NULL, '國立'),
('台灣大學', '台灣大學是台灣最具聲望的大學之一，提供多元的學科與研究領域。', 15, 'assets/img/school_image/台灣大學新.jpeg', 'https://www.ntu.edu.tw', '國立'),
('國防大學', '國防大學是專門培養國軍指揮官的軍事院校，培養精英指揮人才。', 3, 'assets/img/school_image/國防大學.jpg', 'https://www.ndu.edu.tw', '國立'),
('國防醫學院', '國防醫學院致力於國軍醫療與健康服務的發展，並提供優質的醫學與生物醫學科學教育。', 5, 'assets/img/school_image/國防醫學院.jpg', 'https://www.ndmctsgh.edu.tw/', '國立'),
('成功大學', '成功大學有豐富的工程及科學學科，並致力於創新研究。', 10, 'assets/img/school_image/成功大學.png', 'https://www.ncku.edu.tw', '國立'),
('東華大學', '東華大學是一所重視人文與社會科學的學校，提供多樣化的學術領域。', 7, 'assets/img/school_image/東華大學.jpg', 'https://www.ndhu.edu.tw', '國立'),
('清華大學', '清華大學是台灣頂尖的學術機構，注重創新與國際合作。', 12, 'assets/img/school_image/清華大學.jpg', 'https://www.nthu.edu.tw', '國立'),
('測試', NULL, NULL, NULL, NULL, NULL);

-- --------------------------------------------------------

--
-- Table structure for table `sch_description`
--

CREATE TABLE `sch_description` (
  `Sch_num` varchar(20) NOT NULL,
  `School_Name` varchar(20) NOT NULL,
  `p_type` varchar(10) CHARACTER SET utf8mb4 COLLATE utf8mb4_unicode_ci NOT NULL,
  `Department` varchar(20) NOT NULL,
  `Region` varchar(10) NOT NULL,
  `address` varchar(50) CHARACTER SET utf8mb4 COLLATE utf8mb4_unicode_ci NOT NULL,
  `Disc_Cluster` varchar(20) NOT NULL,
  `requirement` varchar(800) CHARACTER SET utf8mb4 COLLATE utf8mb4_unicode_ci NOT NULL,
  `Exam_Item` varchar(20) CHARACTER SET utf8mb4 COLLATE utf8mb4_unicode_ci DEFAULT NULL,
  `Talent` varchar(100) DEFAULT NULL,
  `Quota` int(11) NOT NULL,
  `exam_date` date DEFAULT NULL,
  `Contact` varchar(225) DEFAULT NULL,
  `link` varchar(225) DEFAULT NULL,
  `note` varchar(200) CHARACTER SET utf8mb4 COLLATE utf8mb4_unicode_ci DEFAULT NULL,
  `is_deleted` tinyint(1) NOT NULL DEFAULT 0 COMMENT '軟刪除標記'
) ENGINE=InnoDB DEFAULT CHARSET=utf8mb4 COLLATE=utf8mb4_general_ci;

--
-- Dumping data for table `sch_description`
--

INSERT INTO `sch_description` (`Sch_num`, `School_Name`, `p_type`, `Department`, `Region`, `address`, `Disc_Cluster`, `requirement`, `Exam_Item`, `Talent`, `Quota`, `exam_date`, `Contact`, `link`, `note`, `is_deleted`) VALUES
('001152', '台灣大學', '國立', '大氣科學系', '台北', '10617台北市大安區羅斯福路四段1號', '地球環境學群', '符合下列4項任一項申請資格，且可檢具各項證明文件者：\r\n1.高中之部定科目「地球科學」單科成績達就讀高中修習此科目之全部學生總排\r\n名前5%，且對大氣科學學習或研究有特殊才能且有具體成果者。\r\n※說明：「對大氣科學學習或研究有特殊才能且有具體成果」係指能提供研究特\r\n定大氣科學問題之學習或研究成果報告。以此項條件提出申請者在自述書中詳\r\n述其自學與研究過程，並需有至少一位推薦者在推薦函中為此背書。\r\n2.高中之部定科目「地球科學」單科成績達就讀高中修習此科目之全部學生總排\r\n名前5%，且積極學習大學大氣科學相關課程者。\r\n※說明：「積極學習大學大氣科學相關課程」係指曾正式赴大學修習大氣科學課\r\n程(如大氣科學概論、大氣熱力學)；或曾參加大學舉辦的各類長期數理人才培\r\n育活動，並已獲得活動舉辦單位所發給之認證。\r\n3.科學班應屆學生，其高中之部定科目「地球科學學科」單科成績達全班排名前25%\r\n者。\r\n4.曾獲得國際性或全國地球科學類競賽金牌或銀牌或等同於金牌或銀牌的獎項。', '資料審查、口試', '數學與物理基礎能力、邏輯推理與分析能力、觀察與資料判讀能力', 1, '0000-00-00', '聯絡人：林明昌聯絡電話：(02)33663923', 'https://exam.aca.ntu.edu.tw/marsApply/Index.aspx', '測史冊是', 0),
('001192A', '台灣大學', '國立', '經濟學系A組', '台北', '10617台北市大安區羅斯福路四段1號', '財經學群', '符合下列 4 項任一申請資格，且可檢具各項證明文件者：\r\n1.國際或全國科展作品(社會科學領域或數學類)成績優異者。\r\n2.曾參加以下任一檢定或考試：\r\n (1)臺大基礎學科免修認證考試(個體經濟學原理與實習或微積分)且及格者。\r\n (2)美國大學理事會（The College Board）舉辦之 AP 考試(個體經濟學、總體\r\n經濟學或微積分)且達 5 分者。\r\n3.人文社會科學資優班、數理資優班或科學班成績優異，且高中二年級上學期及\r\n下學期之部定科目「數學 A」單科成績達就讀高中修習「數學 A」科目之全部\r\n學生總排名前 20%。\r\n4.具本學系領域特殊才能或獨特潛力或經驗，並可提供「報名繳交資料」第 6 點\r\n所列相關佐證資料者。(資料限 10 頁以內)', '資料審查、口試', '數學與邏輯能力、資料分析能力、自主學習能力、社會觀察與批判思考能力、跨領域整合能力及清楚表達想法的能', 5, '2024-12-06', '聯絡人：吳孟珊\r\n聯絡電話：(02)33668448', 'https://exam.aca.ntu.edu.tw/marsApply/Index.aspx', NULL, 0),
('003012乙', '中興大學', '國立', '中國文學系乙組 ', '台中', '台中市南區興大路145號', '語言學群', '符合下列條件之一： \r\n1.低收入戶、中低收入戶、特殊境遇家庭子女；無前述相關證明文件的學生，經就讀\r\n高中(職)學校證明屬經濟條件弱勢者。 \r\n2.新住民及其子女。 \r\n對中文領域具有高度熱忱或特殊才能或有獨特潛力的學生，並提供相關佐證資料。', '審查', '具有語文專才、文學創作能力', 1, NULL, '04-22840317轉882 \r\nshuhsu@nchu.edu.tw \r\n徐小姐 ', 'https://recruit.nchu.edu.tw/college-exam/special/114/114special_PAPER.pdf', NULL, 0),
('003012甲', '中興大學', '國立', '中國文學系甲組 ', '台中', '台中市南區興大路145號', '語言學群', '符合下列條件之一： \r\n1.低收入戶、中低收入戶、特殊境遇家庭子女；無前述相關證明文件的學生，經就讀\r\n高中(職)學校證明屬經濟條件弱勢者。 \r\n2.新住民及其子女。', '審查資料', '數學能力', 2, NULL, '04-22840317轉882 \r\nshuhsu@nchu.edu.tw \r\n徐小姐 ', 'https://recruit.nchu.edu.tw/college-exam/special/114/114special_PAPER.pdf', NULL, 0),
('003022乙', '中興大學', '國立', '外國語文學系乙組 ', '台中', '台中市南區興大路145號', '外語學群', '符合下列條件之一： \r\n1.低收入戶、中低收入戶、特殊境遇家庭子女；無前述相關證明文件的學生，經就讀高\r\n中(職)學校證明屬經濟條件弱勢者。 \r\n2.新住民及其子女。\r\n對外文領域具有高度熱忱或特殊才能或有獨特潛力的學生，並提供相關佐證資料。', '審查、面試', '心胸開朗，具國際觀，英文能力優異', 1, '0000-00-00', '04-22840321轉777 foreign@dragon.nchu.edu.tw 陳小姐 ', 'https://recruit.nchu.edu.tw/college-exam/special/114/114special_PAPER.pdf', '1.本系以培養具國際觀的外文人才為目標，課程多元，涵蓋英美文學、語言學、英語教\r\n學及口筆譯等領域。另有教育學程及國際交換學生辦法。 \r\n2.本系學生均須在畢業前通過全民英檢中高級複試或同等級之其他各', 0),
('003022甲', '中興大學', '國立', '外國語文學系甲組 ', '台中', '台中市南區興大路145號', '外語學群', '', '審查、面試', '心胸開朗，具國際觀，英文能力優異', 1, NULL, NULL, NULL, NULL, 0),
('003092乙', '中興大學', '國立', '法律學系乙組 ', '台中', '台中市南區興大路145號', '法政學群', '', '審查、面試', '對於法律領域有特殊成就或表現', 1, NULL, '04-22840880轉796 \r\njth@nchu.edu.tw \r\n黃小姐', NULL, NULL, 0),
('003092甲', '中興大學', '國立', '法律學系甲組 ', '台中', '台中市南區興大路145號', '法政學群', '符合下列條件之一者： \r\n1.高中在校學業成績，國語文科在校學業成績全校排名前5%者。 \r\n2.參加國語文國際性競賽獲獎者。 \r\n3.參加國際性或全國性國英語、其他外語相關競賽表現優異。 \r\n4.特殊課外活動表現、榮譽或獲獎證明(如擔任全校性幹部)。 \r\n5.國外留學或志工經歷(國外停留期間應在半年以上)。 \r\n6.國際活動(如模擬聯合國) 、國內外競賽成果等。 \r\n7.其他能力證明或表現(如獲公開表揚獎項)並持有證明者。 \r\n8.其他有利申請資料，如特殊優異表現、經歷或榮譽成就等證明文件。', '審查、面試', '具有語文專才、文學創作能力', 1, NULL, '04-22840880轉796 \r\njth@nchu.edu.tw \r\n黃小姐', NULL, NULL, 0),
('003252', '中興大學', '國立', '農藝學系 ', '台中', '台中市南區興大路145號', '生物資源學群', '', '審查、面試', '對農藝科技具有潛能及性向', 2, NULL, '04-22840777轉112 \r\nchengcc@dragon.nchu.edu.tw \r\n鄭小姐 ', NULL, NULL, 0),
('004022', '成功大學', '國立', '外國語文學系', '台南', '701台南市東區大學路1號', '外語學群', '特殊才能\r\n境外臺生\r\n實驗教育學生\r\n持境外學歷報考且同時持國外具公信力之入學用大型測驗成績者', '資料審查、面試', '語言學習的熱情、跨文化交流的興趣、良好的語言理解與表達能力', 3, '2024-11-15', '聯絡人：葉洵孜\r\n聯絡電話：06-2757575#52253', 'https://adms-acad.ncku.edu.tw', NULL, 0),
('004072', '成功大學', '國立', '化學系', '台南', '701台南市東區大學路1號', '數理化學群', '特殊才能\r\n境外臺生\r\n新住民及其子女\r\n經濟弱勢學生\r\n實驗教育學生\r\n持境外學歷報考且同時持國外具公信力之入學用大型測驗成績者', '資料審查、筆試', '邏輯思維能力、實驗操作的細心與耐心、對數學和物理基礎知識的掌握', 2, '2024-11-15', '聯絡人：謝麗英\r\n聯絡電話：06-2757575#65300', 'https://adms-acad.ncku.edu.tw', '', 0),
('011312', '清華大學', '國立', '電機工程學系', '新竹市', '300044 新竹市光復路二段101號', '工程學群', '1、有下列6項具公信力之科學或工程競賽經歷之一。 (1) 教育部全國中小學科學展覽會高中組「參賽」(2) International Science and Engineering Fair「參賽」 (3) 臺灣國際科學展覽會「獲獎」 (4) 國際奧林匹亞競賽「全國選訓決賽完成結訓」或「國際賽獲獎」 (5) 高級中學數理及資訊學科能力競賽之全國決賽「獲獎」 (6) 旺宏科學獎佳作以上(不含佳作)「獲獎」 \r\n2、非上述資格1正面表列六項，但有相近困難度與公信力之「國際性」或「全國性」科學 或工程競賽經歷。(必須於申請資料中，具體說明：為什麼申請人認為這項表現的困難度與公信 力，和上述資格1之表現相近) \r\n3、曾經參與或主導「大型」開源程式設計或電子系統設計，並且有「具體貢獻事實」（例如 程式碼版本控制日誌）。(必須於申請資料中，具體說明佐證具體貢獻，及說明：為什麼申請人 認為這項表現的困難度，和上述資格1之表現相近) \r\n4、接受實驗教育或參加教育部自學方案有成果者，能具體說明且證明自已對工程或科學領 域的特殊專長或成果，不受上述條件限制。(必須於申請資料中，具體說明佐證專長或成果，', '資料審查、筆試、面試', '人文素養與科學精神、自主學習、獨立思考、世界級電機科技菁英。', 3, '2024-11-22', '03)5162194 ', 'https://adms.site.nthu.edu.tw/', NULL, 0),
('011402', '清華大學', '國立', '生命科學系', '新竹市', '300044 新竹市光復路二段101號', '生物醫學與生命科學學', '1.曾參加國際生物奧林匹亞競賽獲獎或選訓決賽完成結訓，並持有證明者。 \r\n2.曾參加教育部補助執行數理類科學人才培育計畫，並已獲得活動舉辦單位所發給之證 書。\r\n3.曾獲得國際性或全國生物類競賽金牌或銀牌者或等同於金牌或銀牌的獎項。\r\n4.全國中小學科學展覽高中組生物科(生命科學科)得獎者 \r\n5.接受實驗教育或自學有成果者能夠證明自己對生命科學 (或生物) 與眾不同的特殊天 分、特殊想法，不受上述條件限制。', '資料審查、口試', '紮實訓練、理論與實務兼備、跨領域合作、工程直覺', 1, '2024-11-15', '03-5742770', 'https://adms.site.nthu.edu.tw/', NULL, 0),
('016012', '中央大學', '國立', '中國文學系', '桃園市', '桃園市中壢區中大路300號', '文史哲學群', '1. 曾參加全國國語文競賽高中學生組獲獎，並持有證明者。 \r\n2. 曾參加縣市級(含)以上小論文競賽高中學生組獲獎，並持有證明者。 \r\n3. 曾參加中央各級機關或各縣市政府主辦之全國性文學獎項獲獎，並持有證明者。 \r\n4. 曾參加其他與國語文相關之各項全國或國際文學獎項獲獎，並持有證明者。 \r\n5. 高級中等學校語文資優班畢業生或設立之各領域專長班畢業（例如：人文社會領域），\r\n並持有證明者。 \r\n6. 高中(職)國文科成績四學期平均全校排名前5%。 \r\n7. 具不同教育資歷學生：包括境外臺生、新住民及其子女、經濟弱勢學生(低收入戶、中\r\n低收入戶、特殊境遇家庭)、實驗教育學生（學校型態、非學校型態，如：自學等）、\r\n持境外學歷報考且同時持國外具公信力之入學用大型測驗成績者。', '資料審查、面試', '文字影視閱讀與賞析能力、以口語或文字表達個人觀點', 2, '2024-11-05', 'ncufcc100@gmail.com 專員email', 'https://www.chinese.ncu.edu.tw/', '除基本資料，需要有相關人士推薦函一封', 0),
('016092', '中央大學', '國立', '光電科學與工程學系', '桃園市', '桃園市中壢區中大路300號', '資訊學群跨工程學群', '1. 曾參加國際數、理奧林匹亞競賽選訓決賽完成決訓或獲獎，並持有證明者。 \r\n2. 曾參加國際科學展覽獲獎或獲選國際科學展覽正選代表，並持有證明者。  \r\n3. 曾參加全國性科展獲獎，並持有證明者。 \r\n4. 具不同教育資歷學生：持境外學歷報考且同時持國外具公信力之入學用大型測驗成績\r\n者、實驗教育學生。 ', '資料審查、面試', '文字影視閱讀與賞析能力、以口語或文字表達個人觀點', 1, '2024-11-08', '03-4227151 轉 65251、65261、65253、65254 Email： ncu5251@ncu.edu.tw', 'https://www.dop.ncu.edu.tw/', '需推薦函一到兩封', 0),
('3082乙', '中興大學', '國立', '行銷學系乙組', '台中', '台中市南區興大路145號', '財經類', '符合下列條件之一： \r\n實驗教育學生、自學學生、境外臺生、以境外學歷報考且持有國外公信力之入學用大型\r\n測驗成績者。 \r\n對行銷領域具有高度熱忱或特殊才能或有獨特潛力的學生，並提供相關佐證資料。', '資料審查、面試', '創新思考、溝通表達', 2, '2024-12-11', '04-22840392轉792 mkting@nchu.edu.tw 黃小姐 ', 'https://recruit.nchu.edu.tw/college-exam/special/114/114special_PAPER.aspx', '', 0);

-- --------------------------------------------------------

--
-- Table structure for table `talents`
--

CREATE TABLE `talents` (
  `id` int(11) NOT NULL,
  `name` varchar(100) NOT NULL
) ENGINE=InnoDB DEFAULT CHARSET=utf8mb4 COLLATE=utf8mb4_general_ci;

--
-- Dumping data for table `talents`
--

INSERT INTO `talents` (`id`, `name`) VALUES
(1, '數據分析能力'),
(2, '邏輯思維能力'),
(3, '語言學習的熱情'),
(4, '創意思維'),
(5, '跨文化交流'),
(6, '觀察與資料判讀能力'),
(7, '實驗操作的細心與耐心'),
(8, '科學探究精神與實驗能力');

-- --------------------------------------------------------

--
-- Table structure for table `teacher_info`
--

CREATE TABLE `teacher_info` (
  `id` int(11) NOT NULL,
  `account_id` int(20) NOT NULL,
  `school_name` varchar(255) NOT NULL COMMENT '任教學校名稱',
  `department` varchar(255) NOT NULL COMMENT '系所名稱',
  `employment_status` enum('專任','兼任') NOT NULL COMMENT '專任/兼任',
  `verified` tinyint(1) DEFAULT 0 COMMENT '教師身份是否已驗證',
  `verification_date` datetime DEFAULT NULL COMMENT '驗證日期',
  `verified_by` int(11) DEFAULT NULL COMMENT '驗證者（管理員ID）',
  `created_at` timestamp NOT NULL DEFAULT current_timestamp(),
  `updated_at` timestamp NOT NULL DEFAULT current_timestamp() ON UPDATE current_timestamp()
) ENGINE=InnoDB DEFAULT CHARSET=utf8mb4 COLLATE=utf8mb4_general_ci;

--
-- Dumping data for table `teacher_info`
--

INSERT INTO `teacher_info` (`id`, `account_id`, `school_name`, `department`, `employment_status`, `verified`, `verification_date`, `verified_by`, `created_at`, `updated_at`) VALUES
(1, 32, '輔大', '資管', '專任', -1, NULL, NULL, '2025-05-03 04:02:06', '2025-05-12 14:50:33'),
(2, 33, '輔大', '資管', '兼任', 0, NULL, NULL, '2025-05-03 04:45:44', '2025-05-03 04:45:44'),
(3, 34, '台灣大學', '資管系', '專任', 0, NULL, NULL, '2025-05-03 05:15:43', '2025-05-03 05:15:43');

-- --------------------------------------------------------

--
-- Table structure for table `todos`
--

CREATE TABLE `todos` (
  `todo_id` int(11) NOT NULL,
  `Sch_num` varchar(20) NOT NULL,
  `title` varchar(255) NOT NULL,
  `start_time` datetime DEFAULT NULL,
  `end_time` datetime DEFAULT NULL
) ENGINE=InnoDB DEFAULT CHARSET=utf8mb4 COLLATE=utf8mb4_general_ci;

--
-- Dumping data for table `todos`
--

INSERT INTO `todos` (`todo_id`, `Sch_num`, `title`, `start_time`, `end_time`) VALUES
(1, '3082乙', '登錄報名資料', '2024-11-08 09:00:00', '2024-11-22 17:00:00'),
(2, '3082乙', '上傳審查資料', '2024-11-08 09:00:00', '2024-11-22 17:00:00'),
(3, '3082乙', '繳費', '2024-11-08 09:00:00', '2024-11-22 17:00:00'),
(4, '3082乙', '自行上網查詢初審是否合格', '2024-11-26 12:00:00', NULL),
(5, '3082乙', '口試資格公告', '2025-05-15 17:29:00', NULL),
(6, '3082乙', '准考證列印', '2025-05-31 18:55:00', NULL),
(7, '3082乙', '口試', '2025-06-07 18:55:00', NULL),
(8, '3082乙', '放榜', '2025-05-30 18:55:00', NULL),
(9, '004072', '網路報名', '2024-10-17 09:00:00', '2024-10-23 16:00:00'),
(10, '004072', '繳交報名費', '2024-10-17 09:00:00', '2024-10-23 16:00:00'),
(11, '004072', '上傳報名表及審查資料', NULL, '2024-10-23 23:59:00'),
(12, '004072', '准考證明書下載', '2024-11-13 16:00:00', NULL),
(13, '004072', '放榜並開放成績單下載', '2024-12-11 00:00:00', NULL),
(14, '004072', '正取生報到／放棄截止', NULL, '2024-12-25 23:59:00'),
(15, '004022', '網路報名', '2024-10-17 09:00:00', '2024-10-23 16:00:00'),
(16, '004022', '繳交報名費', '2024-10-17 09:00:00', '2024-10-23 16:00:00'),
(17, '004022', '上傳報名表及審查資料', NULL, '2024-10-23 23:59:00'),
(18, '004022', '准考證明書下載', '2024-11-13 16:00:00', NULL),
(19, '004022', '放榜並開放成績單下載', '2024-12-11 00:00:00', NULL),
(20, '004022', '正取生報到／放棄截止', NULL, '2024-12-25 23:59:00'),
(21, '016012', '網路登錄報名及繳交報名費', '2024-10-04 09:00:00', '2024-10-09 15:30:00'),
(22, '016012', '網路上傳報名資料', '2024-10-04 09:00:00', '2024-10-09 23:59:00'),
(23, '016012', '複試名單公布', '2024-10-29 16:00:00', NULL),
(24, '016012', '口試', '2024-11-05 10:00:00', '2024-11-05 10:00:00'),
(25, '016012', '正取生報到日期', '2024-12-02 00:00:00', '2024-12-05 00:00:00'),
(26, '016092', '網路登錄報名及繳交報名費', '2024-10-04 09:00:00', '2024-10-09 15:30:00'),
(27, '016092', '網路上傳報名資料', '2024-10-04 09:00:00', '2024-10-09 23:59:00'),
(28, '016092', '複試名單公布', '2024-10-30 00:00:00', NULL),
(29, '016092', '複試日期', '2024-11-08 00:00:00', '2024-11-08 00:00:00'),
(30, '016092', '正取生報到日', '2024-12-02 00:00:00', '2024-12-06 00:00:00'),
(31, '001152', '登錄報名資料', '2024-11-08 09:00:00', '2024-11-22 17:00:00'),
(32, '001152', '上傳審查資料', '2024-11-08 09:00:00', '2024-11-22 17:00:00'),
(33, '001152', '繳費', '2024-11-08 09:00:00', '2024-11-22 17:00:00'),
(34, '001152', '自行上網查詢初審是否合格', '2024-11-26 12:00:00', NULL),
(35, '001152', '口試資格公告', '2024-12-01 12:00:00', NULL),
(36, '001152', '准考證列印', '2024-12-03 09:00:00', '2024-12-07 17:00:00'),
(37, '001152', '口試', '2024-12-10 15:30:00', '2024-12-10 15:30:00'),
(38, '001152', '放榜', '2024-12-15 12:00:00', NULL),
(39, '001192A', '登錄報名資料', '2024-11-08 09:00:00', '2024-11-22 17:00:00'),
(40, '001192A', '上傳審查資料', '2024-11-08 09:00:00', '2024-11-22 17:00:00'),
(41, '001192A', '繳費', '2024-11-08 09:00:00', '2024-11-22 17:00:00'),
(42, '001192A', '自行上網查詢初審是否合格', '2024-11-26 12:00:00', NULL),
(43, '001192A', '口試資格公告', '2024-12-02 12:00:00', NULL),
(44, '001192A', '准考證列印', '2024-12-04 09:00:00', '2024-12-08 17:00:00'),
(45, '001192A', '口試', '2024-12-06 00:00:00', '2024-12-06 00:00:00'),
(46, '001192A', '放榜', '2024-12-14 12:00:00', NULL),
(47, '003252', '網路報名及上傳審查資料期限', '2024-10-28 09:00:00', '2024-11-11 17:00:00'),
(48, '003252', '報名費繳費期限', '2024-10-28 09:00:00', '2024-11-11 23:59:00'),
(49, '003252', '查詢／列印甄試資格審核通知', '2024-11-19 10:00:00', NULL),
(50, '003252', '公告擇優面試名單', NULL, '2024-12-02 10:00:00'),
(51, '003252', '公告錄取名單暨寄發成績單', '2024-12-20 00:00:00', NULL),
(52, '003252', '正取生網路報到', '2024-12-26 09:00:00', '2024-12-31 17:00:00'),
(53, '003252', '錄取生放棄入學資格截止日', '2025-03-03 17:00:00', NULL),
(54, '011312', '網路報名、繳費、上傳指定繳交資料、推薦函作業', '2024-10-08 10:00:00', '2024-10-14 17:00:00'),
(55, '011312', '招生策略中心審核考生之報考資格', '2024-10-15 00:00:00', '2024-10-25 00:00:00'),
(56, '011312', '上網查詢報名狀態、准考證號', '2024-10-28 00:00:00', NULL),
(57, '011312', '複試成績複查申請', '2024-12-13 00:00:00', '2024-12-20 00:00:00'),
(58, '011312', '正取生回覆報到意願', '2024-12-23 00:00:00', NULL),
(59, '011312', '已報到正、備取生放棄錄取資格截止日', '2024-02-27 00:00:00', NULL),
(60, '011312', '備取遞補作業截止日', '2024-03-03 00:00:00', NULL);

-- --------------------------------------------------------

--
-- Table structure for table `user_todos`
--

CREATE TABLE `user_todos` (
  `id` int(11) NOT NULL,
  `user_id` int(20) NOT NULL,
  `todo_id` int(11) NOT NULL,
  `is_done` tinyint(1) DEFAULT 0,
  `updated_at` datetime DEFAULT current_timestamp() ON UPDATE current_timestamp(),
  `is_notified` tinyint(1) DEFAULT 0
) ENGINE=InnoDB DEFAULT CHARSET=utf8mb4 COLLATE=utf8mb4_general_ci;

--
-- Dumping data for table `user_todos`
--

INSERT INTO `user_todos` (`id`, `user_id`, `todo_id`, `is_done`, `updated_at`, `is_notified`) VALUES
(25, 22, 1, 1, '2025-04-19 18:09:19', 1),
(26, 22, 2, 0, '2025-04-19 18:22:21', 0),
(27, 22, 3, 0, '2025-04-24 21:18:56', 0),
(28, 22, 4, 0, '2025-04-19 18:15:56', 1),
(29, 22, 5, 0, '2025-04-19 18:22:25', 1),
(30, 22, 6, 0, '2025-04-24 21:19:58', 0),
(31, 22, 7, 0, '2025-04-19 18:09:56', 0),
(32, 22, 8, 1, '2025-05-08 22:01:59', 0),
(41, 22, 15, 0, '2025-04-28 17:47:38', 0),
(42, 22, 16, 0, '2025-04-28 17:47:38', 0),
(43, 22, 17, 0, '2025-04-28 17:47:38', 0),
(44, 22, 18, 0, '2025-04-28 17:47:38', 0),
(45, 22, 19, 0, '2025-04-28 17:47:38', 0),
(46, 22, 20, 0, '2025-04-28 17:47:38', 0),
(47, 22, 9, 0, '2025-04-28 17:47:43', 0),
(48, 22, 10, 0, '2025-04-28 17:47:43', 0),
(49, 22, 11, 0, '2025-04-28 17:47:43', 0),
(50, 22, 12, 0, '2025-04-28 17:47:43', 0),
(51, 22, 13, 0, '2025-04-28 17:47:43', 0),
(52, 22, 14, 0, '2025-04-28 17:47:43', 0),
(53, 22, 31, 0, '2025-04-28 17:50:39', 0),
(54, 22, 32, 0, '2025-04-28 17:50:39', 0),
(55, 22, 33, 0, '2025-04-28 17:50:39', 0),
(56, 22, 34, 0, '2025-05-08 23:42:59', 1),
(57, 22, 35, 0, '2025-04-28 17:50:39', 0),
(58, 22, 36, 0, '2025-05-08 23:42:58', 1),
(59, 22, 37, 0, '2025-04-28 17:50:39', 0),
(60, 22, 38, 0, '2025-04-28 17:50:39', 0),
(61, 22, 47, 0, '2025-04-28 17:50:57', 0),
(62, 22, 48, 0, '2025-04-28 17:50:57', 0),
(63, 22, 49, 0, '2025-04-28 17:50:57', 0),
(64, 22, 50, 0, '2025-04-28 17:50:57', 0),
(65, 22, 51, 0, '2025-04-28 17:50:57', 0),
(66, 22, 52, 0, '2025-04-28 17:50:57', 0),
(67, 22, 53, 0, '2025-04-28 17:50:57', 0),
(68, 22, 26, 0, '2025-04-28 17:51:11', 0),
(69, 22, 27, 0, '2025-04-28 17:51:11', 0),
(70, 22, 28, 0, '2025-04-28 17:51:11', 0),
(71, 22, 29, 0, '2025-04-28 17:51:11', 0),
(72, 22, 30, 0, '2025-04-28 17:51:11', 0),
(73, 22, 21, 0, '2025-04-28 17:51:18', 0),
(74, 22, 22, 0, '2025-04-28 17:51:18', 0),
(75, 22, 23, 0, '2025-04-28 17:51:18', 0),
(76, 22, 24, 0, '2025-04-28 17:51:18', 0),
(77, 22, 25, 0, '2025-04-28 17:51:18', 0),
(78, 22, 39, 0, '2025-04-28 18:03:57', 0),
(79, 22, 40, 0, '2025-04-28 18:03:57', 0),
(80, 22, 41, 0, '2025-04-28 18:03:57', 0),
(81, 22, 42, 0, '2025-04-28 18:03:57', 0),
(82, 22, 43, 0, '2025-04-28 18:03:57', 0),
(83, 22, 44, 0, '2025-04-28 18:03:57', 0),
(84, 22, 45, 0, '2025-04-28 18:03:57', 0),
(85, 22, 46, 0, '2025-04-28 18:03:57', 0),
(131, 25, 31, 0, '2025-04-28 20:51:45', 0),
(132, 25, 32, 0, '2025-04-28 20:51:45', 0),
(133, 25, 33, 0, '2025-04-28 20:51:45', 0),
(134, 25, 34, 0, '2025-04-28 20:51:45', 0),
(135, 25, 35, 0, '2025-04-28 20:51:45', 0),
(136, 25, 36, 0, '2025-04-28 20:51:45', 0),
(137, 25, 37, 0, '2025-04-28 20:51:45', 0),
(138, 25, 38, 0, '2025-04-28 20:51:45', 0),
(139, 25, 39, 0, '2025-04-28 20:51:45', 0),
(140, 25, 40, 0, '2025-04-28 20:51:45', 0),
(141, 25, 41, 0, '2025-04-28 20:51:45', 0),
(142, 25, 42, 0, '2025-04-28 20:51:45', 0),
(143, 25, 43, 0, '2025-04-28 20:51:45', 0),
(144, 25, 44, 0, '2025-04-28 20:51:45', 0),
(145, 25, 45, 0, '2025-04-28 20:51:45', 0),
(146, 25, 46, 0, '2025-04-28 20:51:45', 0),
(147, 25, 47, 0, '2025-04-28 20:51:50', 0),
(148, 25, 48, 0, '2025-04-28 20:51:50', 0),
(149, 25, 49, 0, '2025-04-28 20:51:50', 0),
(150, 25, 50, 0, '2025-04-28 20:51:50', 0),
(151, 25, 51, 0, '2025-04-28 20:51:50', 0),
(152, 25, 52, 0, '2025-04-28 20:51:50', 0),
(153, 25, 53, 0, '2025-04-28 20:51:50', 0),
(154, 25, 15, 0, '2025-04-28 20:51:51', 0),
(155, 25, 16, 0, '2025-04-28 20:51:51', 0),
(156, 25, 17, 0, '2025-04-28 20:51:51', 0),
(157, 25, 18, 0, '2025-04-28 20:51:51', 0),
(158, 25, 19, 0, '2025-04-28 20:51:51', 0),
(159, 25, 20, 0, '2025-04-28 20:51:51', 0),
(160, 25, 9, 0, '2025-04-28 20:51:51', 0),
(161, 25, 10, 0, '2025-04-28 20:51:51', 0),
(162, 25, 11, 0, '2025-04-28 20:51:51', 0),
(163, 25, 12, 0, '2025-04-28 20:51:51', 0),
(164, 25, 13, 0, '2025-04-28 20:51:51', 0),
(165, 25, 14, 0, '2025-04-28 20:51:51', 0),
(166, 25, 21, 0, '2025-04-28 20:51:54', 0),
(167, 25, 22, 0, '2025-04-28 20:51:54', 0),
(168, 25, 23, 0, '2025-04-28 20:51:54', 0),
(169, 25, 24, 0, '2025-04-28 20:51:54', 0),
(170, 25, 25, 0, '2025-04-28 20:51:54', 0),
(171, 25, 26, 0, '2025-04-28 20:51:55', 0),
(172, 25, 27, 0, '2025-04-28 20:51:55', 0),
(173, 25, 28, 0, '2025-04-28 20:51:55', 0),
(174, 25, 29, 0, '2025-04-28 20:51:55', 0),
(175, 25, 30, 0, '2025-04-28 20:51:55', 0),
(176, 25, 1, 0, '2025-04-28 20:51:55', 0),
(177, 25, 2, 0, '2025-04-28 20:51:55', 0),
(178, 25, 3, 0, '2025-04-28 20:51:55', 0),
(179, 25, 4, 0, '2025-04-28 20:51:55', 0),
(180, 25, 5, 0, '2025-04-28 20:51:55', 0),
(181, 25, 6, 0, '2025-04-28 20:51:55', 0),
(182, 25, 7, 0, '2025-04-28 20:51:55', 0),
(183, 25, 8, 0, '2025-04-28 20:51:55', 0),
(184, 27, 31, 0, '2025-04-29 09:55:11', 0),
(185, 27, 32, 0, '2025-04-29 09:55:11', 0),
(186, 27, 33, 0, '2025-04-29 09:55:11', 0),
(187, 27, 34, 0, '2025-04-29 09:55:11', 0),
(188, 27, 35, 0, '2025-04-29 09:55:11', 0),
(189, 27, 36, 0, '2025-04-29 09:55:11', 0),
(190, 27, 37, 0, '2025-04-29 09:55:11', 0),
(191, 27, 38, 0, '2025-04-29 09:55:11', 0),
(192, 27, 39, 0, '2025-04-29 09:55:57', 0),
(193, 27, 40, 0, '2025-04-29 09:55:57', 0),
(194, 27, 41, 0, '2025-04-29 09:55:58', 0),
(195, 27, 42, 0, '2025-04-29 09:55:58', 0),
(196, 27, 43, 0, '2025-04-29 09:55:58', 0),
(197, 27, 44, 0, '2025-04-29 09:55:58', 0),
(198, 27, 45, 0, '2025-04-29 09:55:58', 0),
(199, 27, 46, 0, '2025-04-29 09:55:58', 0),
(200, 29, 31, 0, '2025-04-29 17:51:09', 0),
(201, 29, 32, 0, '2025-04-29 17:51:09', 0),
(202, 29, 33, 0, '2025-04-29 17:51:09', 0),
(203, 29, 34, 0, '2025-04-29 17:51:09', 0),
(204, 29, 35, 0, '2025-04-29 17:51:09', 0),
(205, 29, 36, 0, '2025-04-29 17:51:09', 0),
(206, 29, 37, 0, '2025-04-29 17:51:09', 0),
(207, 29, 38, 0, '2025-04-29 17:51:09', 0),
(208, 29, 39, 0, '2025-04-29 17:51:09', 0),
(209, 29, 40, 0, '2025-04-29 17:51:09', 0),
(210, 29, 41, 0, '2025-04-29 17:51:09', 0),
(211, 29, 42, 0, '2025-04-29 17:51:09', 0),
(212, 29, 43, 0, '2025-04-29 17:51:09', 0),
(213, 29, 44, 0, '2025-04-29 17:51:09', 0),
(214, 29, 45, 0, '2025-04-29 17:51:09', 0),
(215, 29, 46, 0, '2025-04-29 17:51:09', 0),
(216, 31, 39, 1, '2025-05-01 13:16:56', 0),
(217, 31, 40, 1, '2025-05-01 13:16:57', 0),
(218, 31, 41, 0, '2025-05-01 13:16:50', 1),
(219, 31, 42, 0, '2025-05-01 13:16:51', 1),
(220, 31, 43, 0, '2025-05-01 13:16:06', 0),
(221, 31, 44, 0, '2025-05-01 13:16:06', 0),
(222, 31, 45, 0, '2025-05-01 13:16:07', 0),
(223, 31, 46, 0, '2025-05-01 13:16:07', 0),
(224, 31, 15, 0, '2025-05-01 13:18:41', 0),
(225, 31, 16, 0, '2025-05-01 13:18:41', 0),
(226, 31, 17, 0, '2025-05-01 13:18:41', 0),
(227, 31, 18, 0, '2025-05-01 13:18:41', 0),
(228, 31, 19, 0, '2025-05-01 13:18:41', 0),
(229, 31, 20, 0, '2025-05-01 13:18:41', 0),
(230, 31, 31, 1, '2025-05-09 15:46:58', 0),
(231, 31, 32, 0, '2025-05-01 13:19:21', 0),
(232, 31, 33, 0, '2025-05-01 13:19:21', 0),
(233, 31, 34, 0, '2025-05-01 13:19:21', 0),
(234, 31, 35, 0, '2025-05-01 13:19:21', 0),
(235, 31, 36, 0, '2025-05-01 13:19:21', 0),
(236, 31, 37, 0, '2025-05-01 13:19:21', 0),
(237, 31, 38, 0, '2025-05-01 13:19:21', 0),
(238, 30, 31, 0, '2025-05-01 21:32:04', 1),
(239, 30, 32, 0, '2025-05-01 21:31:37', 1),
(240, 30, 33, 0, '2025-05-01 21:30:59', 0),
(241, 30, 34, 0, '2025-05-01 21:30:59', 0),
(242, 30, 35, 0, '2025-05-01 21:30:59', 0),
(243, 30, 36, 0, '2025-05-01 21:30:59', 0),
(244, 30, 37, 0, '2025-05-01 21:30:59', 0),
(245, 30, 38, 0, '2025-05-01 21:30:59', 0),
(246, 30, 39, 1, '2025-05-01 21:31:31', 0),
(247, 30, 40, 1, '2025-05-01 21:31:33', 0),
(248, 30, 41, 0, '2025-05-01 21:31:00', 0),
(249, 30, 42, 0, '2025-05-01 21:31:00', 0),
(250, 30, 43, 0, '2025-05-01 21:31:00', 0),
(251, 30, 44, 0, '2025-05-01 21:31:00', 0),
(252, 30, 45, 0, '2025-05-01 21:31:00', 0),
(253, 30, 46, 0, '2025-05-01 21:31:00', 0),
(254, 30, 15, 0, '2025-05-01 21:31:03', 0),
(255, 30, 16, 0, '2025-05-01 21:31:03', 0),
(256, 30, 17, 0, '2025-05-01 21:31:03', 0),
(257, 30, 18, 0, '2025-05-01 21:31:03', 0),
(258, 30, 19, 0, '2025-05-01 21:31:03', 0),
(259, 30, 20, 0, '2025-05-01 21:31:03', 0),
(260, 30, 9, 0, '2025-05-01 21:31:03', 0),
(261, 30, 10, 0, '2025-05-01 21:31:03', 0),
(262, 30, 11, 0, '2025-05-01 21:31:03', 0),
(263, 30, 12, 0, '2025-05-01 21:31:03', 0),
(264, 30, 13, 0, '2025-05-01 21:31:03', 0),
(265, 30, 14, 0, '2025-05-01 21:31:03', 0),
(266, 101, 31, 0, '2025-05-07 19:10:09', 0),
(267, 101, 32, 0, '2025-05-07 19:10:09', 0),
(268, 101, 33, 0, '2025-05-07 19:10:09', 0),
(269, 101, 34, 0, '2025-05-07 19:10:09', 0),
(270, 101, 35, 0, '2025-05-07 19:10:09', 0),
(271, 101, 36, 0, '2025-05-07 19:10:09', 0),
(272, 101, 37, 0, '2025-05-07 19:10:09', 0),
(273, 101, 38, 0, '2025-05-07 19:10:09', 0),
(274, 101, 39, 0, '2025-05-07 19:10:11', 0),
(275, 101, 40, 0, '2025-05-07 19:10:11', 0),
(276, 101, 41, 0, '2025-05-07 19:10:11', 0),
(277, 101, 42, 0, '2025-05-07 19:10:11', 0),
(278, 101, 43, 0, '2025-05-07 19:10:11', 0),
(279, 101, 44, 0, '2025-05-07 19:10:11', 0),
(280, 101, 45, 0, '2025-05-07 19:10:11', 0),
(281, 101, 46, 0, '2025-05-07 19:10:11', 0),
(291, 102, 31, 0, '2025-05-09 19:17:06', 0),
(292, 102, 32, 0, '2025-05-09 19:17:06', 0),
(293, 102, 33, 0, '2025-05-09 19:17:06', 0),
(294, 102, 34, 0, '2025-05-09 19:17:06', 0),
(295, 102, 35, 0, '2025-05-09 19:17:06', 0),
(296, 102, 36, 0, '2025-05-09 19:17:06', 0),
(297, 102, 37, 0, '2025-05-09 19:17:06', 0),
(298, 102, 38, 0, '2025-05-09 19:17:06', 0),
(299, 31, 54, 0, '2025-05-09 19:27:13', 0),
(300, 31, 55, 0, '2025-05-09 19:27:13', 0),
(301, 31, 56, 0, '2025-05-09 19:27:13', 0),
(302, 31, 57, 0, '2025-05-09 19:27:13', 0),
(303, 31, 58, 0, '2025-05-09 19:27:13', 0),
(304, 31, 59, 0, '2025-05-09 19:27:13', 0),
(305, 31, 60, 0, '2025-05-09 19:27:13', 0);

--
-- Indexes for dumped tables
--

--
-- Indexes for table `account`
--
ALTER TABLE `account`
  ADD PRIMARY KEY (`User_ID`);

--
-- Indexes for table `admi_thro_years`
--
ALTER TABLE `admi_thro_years`
  ADD PRIMARY KEY (`sch_num`),
  ADD KEY `fk_school_name` (`School_Name`);

--
-- Indexes for table `comments`
--
ALTER TABLE `comments`
  ADD PRIMARY KEY (`Comment_ID`),
  ADD KEY `Post_ID` (`Post_ID`),
  ADD KEY `User_ID` (`User_ID`);

--
-- Indexes for table `department_talents`
--
ALTER TABLE `department_talents`
  ADD PRIMARY KEY (`Sch_num`,`talent_id`),
  ADD KEY `talent_id` (`talent_id`);

--
-- Indexes for table `latest_news`
--
ALTER TABLE `latest_news`
  ADD PRIMARY KEY (`title`);

--
-- Indexes for table `likes`
--
ALTER TABLE `likes`
  ADD PRIMARY KEY (`Like_ID`),
  ADD UNIQUE KEY `unique_user_post` (`User_ID`,`Post_ID`),
  ADD UNIQUE KEY `unique_user_comment` (`User_ID`,`Comment_ID`),
  ADD KEY `Post_ID` (`Post_ID`),
  ADD KEY `Comment_ID` (`Comment_ID`);

--
-- Indexes for table `my_favorites`
--
ALTER TABLE `my_favorites`
  ADD PRIMARY KEY (`User_ID`,`Sch_num`),
  ADD KEY `Sch_num` (`Sch_num`);

--
-- Indexes for table `posts`
--
ALTER TABLE `posts`
  ADD PRIMARY KEY (`Post_ID`),
  ADD KEY `User_ID` (`User_ID`);

--
-- Indexes for table `school_introduction`
--
ALTER TABLE `school_introduction`
  ADD PRIMARY KEY (`School_Name`);

--
-- Indexes for table `sch_description`
--
ALTER TABLE `sch_description`
  ADD PRIMARY KEY (`Sch_num`),
  ADD KEY `School_Name_2` (`School_Name`);

--
-- Indexes for table `talents`
--
ALTER TABLE `talents`
  ADD PRIMARY KEY (`id`);

--
-- Indexes for table `teacher_info`
--
ALTER TABLE `teacher_info`
  ADD PRIMARY KEY (`id`),
  ADD UNIQUE KEY `account_id` (`account_id`);

--
-- Indexes for table `todos`
--
ALTER TABLE `todos`
  ADD PRIMARY KEY (`todo_id`),
  ADD KEY `fk_schnum` (`Sch_num`);

--
-- Indexes for table `user_todos`
--
ALTER TABLE `user_todos`
  ADD PRIMARY KEY (`id`),
  ADD KEY `todo_id` (`todo_id`),
  ADD KEY `fk_user_id` (`user_id`);

--
-- AUTO_INCREMENT for dumped tables
--

--
-- AUTO_INCREMENT for table `account`
--
ALTER TABLE `account`
  MODIFY `User_ID` int(20) NOT NULL AUTO_INCREMENT, AUTO_INCREMENT=105;

--
-- AUTO_INCREMENT for table `comments`
--
ALTER TABLE `comments`
  MODIFY `Comment_ID` int(11) NOT NULL AUTO_INCREMENT, AUTO_INCREMENT=53;

--
-- AUTO_INCREMENT for table `likes`
--
ALTER TABLE `likes`
  MODIFY `Like_ID` int(11) NOT NULL AUTO_INCREMENT, AUTO_INCREMENT=28;

--
-- AUTO_INCREMENT for table `posts`
--
ALTER TABLE `posts`
  MODIFY `Post_ID` int(11) NOT NULL AUTO_INCREMENT, AUTO_INCREMENT=36;

--
-- AUTO_INCREMENT for table `talents`
--
ALTER TABLE `talents`
  MODIFY `id` int(11) NOT NULL AUTO_INCREMENT, AUTO_INCREMENT=9;

--
-- AUTO_INCREMENT for table `teacher_info`
--
ALTER TABLE `teacher_info`
  MODIFY `id` int(11) NOT NULL AUTO_INCREMENT, AUTO_INCREMENT=4;

--
-- AUTO_INCREMENT for table `todos`
--
ALTER TABLE `todos`
  MODIFY `todo_id` int(11) NOT NULL AUTO_INCREMENT, AUTO_INCREMENT=80;

--
-- AUTO_INCREMENT for table `user_todos`
--
ALTER TABLE `user_todos`
  MODIFY `id` int(11) NOT NULL AUTO_INCREMENT, AUTO_INCREMENT=306;

--
-- Constraints for dumped tables
--

--
-- Constraints for table `comments`
--
ALTER TABLE `comments`
  ADD CONSTRAINT `comments_ibfk_1` FOREIGN KEY (`Post_ID`) REFERENCES `posts` (`Post_ID`),
  ADD CONSTRAINT `comments_ibfk_2` FOREIGN KEY (`User_ID`) REFERENCES `account` (`User_ID`) ON DELETE CASCADE;

--
-- Constraints for table `todos`
--
ALTER TABLE `todos`
  ADD CONSTRAINT `fk_schnum` FOREIGN KEY (`Sch_num`) REFERENCES `sch_description` (`Sch_num`) ON DELETE CASCADE ON UPDATE CASCADE;

--
-- Constraints for table `user_todos`
--
ALTER TABLE `user_todos`
  ADD CONSTRAINT `fk_user_id` FOREIGN KEY (`user_id`) REFERENCES `account` (`User_ID`) ON DELETE CASCADE ON UPDATE CASCADE,
  ADD CONSTRAINT `fk_user_todos_todo_id` FOREIGN KEY (`todo_id`) REFERENCES `todos` (`todo_id`) ON DELETE CASCADE ON UPDATE CASCADE;
COMMIT;

/*!40101 SET CHARACTER_SET_CLIENT=@OLD_CHARACTER_SET_CLIENT */;
/*!40101 SET CHARACTER_SET_RESULTS=@OLD_CHARACTER_SET_RESULTS */;
/*!40101 SET COLLATION_CONNECTION=@OLD_COLLATION_CONNECTION */;
